4e0a2ed55c50a0f433237c1e5518bb1a,TH
3b8857ab851053505f4d90e88dccdcf2,HE
73dcd7a288a47ebf649a22da4d907eb2,IN
46c3fb6212f2fd96f354cf7c5f865689,ER
f990845e406b22bfe3e4b5e9fcfa17d1,IT
5321df8e1d1cafd0cfc35834d42c8884,AT
57baca3573d6b6bade1d33837ae289fc,HA
1d3b46a8a91e634d0ac82294f1dc7386,RE
08ca4deb617b4a0554cd09d0d34ec0a2,ST
b40b12f9cc49b290f21da30535d96492,AN
9cf8a7eeefd95b9408e7d34d509a7777,EN
23d3d541f708c25e4d04a32034f0f65b,AS
8055c408ee5fbaf031db3cd0f89a078f,EA
ff28b41cefcfcfe84f2078d9a06a0a5c,OU
007d845c8155c66b60a1060a4fe043e9,ET
9fb2866c9816c4ea5fa1d4fab708d47c,IS
9a5d9e4fde387f17e9d6d7809def3953,TI
3490411a346f63f3ef700ec74f3d75d0,NG
9863edfef8dd782e9d51a83358abf5ce,ES
ac028dbc2058f283a580908b4afde177,ND
9123724aabd885b7a988ad0fd214402b,OR
d4208a0e69fbd5b53b4ba3f6bdd0cac3,OF
88109ff294ddb21232c7a152fdddf0ef,TO
05263d2cbd06e65dea487a9f1c967249,ED
67f90e9e0f4b1c26dbef2d8a479637c0,HI
f0e03a44ebc1175e6e5b7284f801f9a6,NT
f87608e84cef0b604c59b74678f12c99,ON
a2330230f4d481466676fab90472685a,WA
73b75e37a68ca0abe5c69b77be6d2c4d,TE
84121873373efc24ab38bdbc91a61237,VE
0ba2a64352eee0ed0ee33b7d9d5a2838,AL
f710ed8135ea877ca2b42b5d9d84b50e,AR
dee4d1cd94c51cb2f0c23ede0868dd84,LI
18c9dea4112a6a818a88ef6810f0e561,ME
9cf605645acf4f414beef30298b4529d,SA
c0f1e3faa10afde7c3b324070cd2b6a1,SI
fb2e5357eeeb6bf9761f26534ddacf15,SO
bfc4c692fc08406cea1021203934252b,TA
d15e0ca642b740d0b3f35df92023a607,TT
6c50f2bce4290b6358ab45cf9d224676,CE
d0e310b50dedaf86428bebcdda4c04d6,RI
5cb26c08116d1d43ba83ade37fb9bf41,EO
b03d2bfea61197a3eecad661f2c2d713,NO
3f71ab670252886f7942da3196dfa57c,EL
6456872d6f090ce4f41d0c583484a2e8,SE
ec5da5f0356996abeb4b9092b8045ec7,WE
15edbef40b7f10fdb11c5015471b5c46,EI
2e7e46ca39e521366c6b0ef1484e0fdf,EW
93911fab822957647ddb6aee9de8a4cd,SH
9221152326e3caa7028842fa75b16965,HO
96e8baa94f426e14134aa6b42da953d7,LE
cd4d61ac011f2800b50c4cb823c8e055,RO
9f688c6f07ffba8c097a0c7438947d3b,EE
bd12958174c77ed2867002ab6b554703,LL
c3d28c0417d463cf12b0d44d490f22be,LY
da14c0e43f3de5f67e749b42075817e6,RT
a2adcceb9cddbcd481e3129e245ebe14,BE
d15f10543a584105b8f93f4a86a44df3,IC
0e36e1d2522ec8eed8254bf15a3f36f2,DE
2f43a0961b19488f44c1a6d2bbb1d999,EH
c8a8ee37045786e27365d441623ee33b,RA
f87ed5722eb20aecac3d51659110d3d2,TS
fc85decfbe1ca4cf870c4cd39e0981b0,UT
82e891f6e5d185eb748a3840f360287d,DA
bbca5a423ec96efb1c933c8b1883ffcd,UR
2aa76a8c78d30fbcfac97a6937984c00,AD
53efe38570b0677ff5194570260de4c4,OS
6462bf4733001ac84f0cbacbeb0f0d98,OT
646e7570af2171318285b9dd850df743,OW
0f42be1bf7b96db0fc64fea32311f594,DO
4b311f4a17f9561255cde2b423b80cb8,FO
8541ee8e38d6878f5ddb40daf477e898,LA
8dbde569c9377bfc7d5a9e47100da72a,NE
c6faa125fc6b99b9332b7ebd7a20d600,TW
f8d6438d0998df46f37d858c9f19f384,WI
122813d06e22e8b8ebac92180d27d8d5,CO
3c6e246e48966d6532567ed5be08849f,DT
524ffbf175b57a92a65f5e1ca32b00f4,FT
cdc1ae8e28384d124edc946fcb53a713,HT
cfa700bf24d6a0a222cd1ea0738d4701,NS
a1e70865188999c0635d9928361a7c88,GH
cd42761c65f9366648c0488f5d5fecd5,MA
0d8f89a32c940894da46f526988e3bed,DS
b3f3722afa2cf4d7bbfa7b24f6706cfa,EC
e309b52f3be86251e5b1391023ddaaca,IR
eb977d2ad765172a3d866fd9676de3f8,OM
f0c0dd53bf90a412fab02a72027fb344,SS
009898ba15206dc15e22980ecba97092,AB
43664df31c32047849e31b439b80a946,AI
69242f0195680eff92eb4ecf680ea6ff,DI
6c4a14cbbd1771d84aaec14ffb5ec8c0,IM
abf6021779e88efb27723f9cda501282,NA
bba06824f242d9a425fb38e06a5d4140,NI
e0147d3ef1486ff675e451506b0efb4f,OO
03716ac640228ca036ff45bc1e0836b5,EM
17397b6b9c90d6dac5fec86620ec63c5,GE
594c4bddb57676c617b56f254932d3e1,ID
6ac4de61649ea35bb14cce4c1941c4c0,KE
b28b10543c2789f0c9ec6875ad1caeea,RS
ff92fe2d02e9d1db3a466a2fc4fecac5,US
0e118f2b2809f6067cb3d7a9f1ea3989,IO
2571c9abd0f7e50898bff1c09e6183d6,LD
331157a3845621a3981483103bb05957,MO
6107d7c7cee9d926a71c8cbd4bf39bf9,NC
db970e33b73498b97b7c5ffc40be8755,PE
e7dfe16f10d5d65179d1707d7d408268,TU
09e68169f106f037db2f5fc94bfd67d2,EV
1082d0dd4db0ac9f8c89229636799ae4,LO
61ad73a7c7a8d48bda07f9e764246b6a,OL
66054aa9c230f6cda0be92850bff5f77,PO
7eaff14550ec0809a953c336de3ba6ff,WO
0758b330c886e85d253c3b0d4b764027,AC
0da6fec479e41015ed73808887364ac8,CH
305f0f5e841bb5425895b2ff600ce96a,EF
4b6f375f762e0e7f7ae97f733d3c9dde,EP
74cebd906af1d31d230f633d47f64cc8,IE
852a544a31d183629f8e55ccb5fb33d5,UL
9f3659d3a76bd6a5957111fd05a7e63b,WH
b12822b7faa5b38759e09212d7c36d79,YE
bf74137beb9aaa4f43f081573731b099,YS
117c5387a1f8740f7281a807dbe5856f,AM
7dbd77ca3c3178962504369242428991,MI
95e18f63b671b128799268b64310cbe7,UN
a7d90e214e4b051667e0dc35e760cac3,YO
23f44759d5c06683d350e051672040fb,AY
2aecd859eb97a28c2a08d06a03f71c49,BO
33802763cb86b4dac090fe928030f11f,CT
401e9483c5b68e135aa7bdbc569a4a2b,EB
46550861768fdf878db93af78e163029,EG
531e95d5d9fc3d63f64b5c50c9850f98,FI
5aaf1106dd10ff3de316f97a91260e74,GR
67dbc1d77656999cf0ba84880510ea5a,IL
70ebd20f299d4e3eab74176a415062d1,OH
7b8dbdeed1bba82b3a9dbca07387caee,PA
8f522b70431a9c9f1bdc7bf85237eef1,SU
90df7402daac294d42d9d3f32415cf1a,TY
b361f2748fb7f7527c1d548d7f2a76b3,UG
cfdec7a774d01f4c90826226e7c1bc01,WN
f954c04480d66bd5653d9123aed49568,YT
06964872646f868dfbf585e21df0048d,AV
251d161116bbda9dd5f9e531cc784e6b,CR
31f3067c88afe4309e1a06b344450f89,DW
4f6b7e307e1cb9a4fa74124da4222f63,GT
50782178a7a5bfa4bb29066e4b3aa723,NL
5a9a6178ad15ca7e28333e1802641ee4,RW
b7196f4724cd18619a1e7fec5575de1a,SW
ff5a39c0a8ab6f1d9d1e63d2a72104f0,UP
0eabe04f8753c080bb1c4558b64844b6,EY
2a2b1be91bd0c16e141b588f42ca7c17,FA
2d7950c1940361ed7340795ae1424f9d,GA
3dc2f163012f4dd78a72990474a5d3db,GI
5df3d755c659e7e1fe11f7f2f0956c84,OP
72a4cdf8194c9844840f87c3b6998e99,PR
a1f3f39fc3dbee4ee0f620ea428ce862,RD
aeaa402a6b4b3e311eaa99adcbcd883c,RY
f71b66d2d858efacab6aebf30c1b3441,SC
f968c4566bf0be1bb2b3e25815baaaa0,TP
05a6fdf2625480726555a3ec8192ab12,AG
075ed2f2aa61f856593c2b37541603b0,AP
12b02abf596792e1b1054a5ac03b2e02,AW
45663765fdc373d74ef36da6fb90c300,BI
50acd184133ee83a24fa09bf07937f60,BU
51998b0d83a67742775def2669357246,CA
6a39c939aaeb1a9e2e23fc8db0fd8974,DN
833c81adb90af82f08a245d50bbf5439,FE
8523ffdc37164be6c9163c38f0dea38d,IG
877ffc03699d57b2019eadaa82b433b7,IV
8d1e336286dccfb167e08eb69155216c,LT
95c4971084a9c1c4426730b015b2cb24,NW
9739566c4952e2ec5e0a50205fb4a316,OA
b103951267fe80ac5484983c9fb36e14,OV
c4018c4f65f3c25415e9901c5a684db7,PI
d08501f4d9832947cc3c629d0cef0de1,RF
ed80de992386d7871b262a6005bb480c,RL
08fb5b38251572f8557a07234de12834,BB
0ceb3e8d8daa3b3fa39589a486ad8cd1,BL
4231f4c995d4004a83d3e299adde0aff,MP
50508afdcbe85afd3d7a94f76cf01474,OC
56f49dfbc9a4619d939b40bf996470bb,OD
5b2adb5de4be70110eda38325f4eec8a,OK
75c250aefe64785fb7f84f66cbeea0c2,PL
8422ec991f37abfd4479e84e14dbfb41,RM
b2fcf56d8d51c26623fe27944147e040,RR
b9e0f2631f575bfee5b9a28efb5f7800,SB
e1bed1e6524b1cc4d0dc62472b884448,SL
f24570b66f4b3f5a2ddff12d58933dc4,TC
fd6d61d44322f3b6f347ff217ccdc54e,YW
034aff302a358a2395d2c4e6ee3b8250,AU
2baab0ad5f71a12e9f4f41cf74a9e962,CI
4a06b501edd7f7ed66f8d11562938fb8,DY
5bac4e91ddfcaea5101dc6d11c374dc7,EU
67f6eff926fd930a6b21b3d12d04dc05,GO
7391d4a0549c7940c0a80f9b0adca933,GS
811597d55dbb954458a7f27f6197a6b9,NH
881445273c24cb8ef0c1124d36d0f94e,PP
8f1796a4496e0f1dc2cebce057d69a67,SF
b46b28b589eeed075cda3a8299c48cab,SM
ba0c038a80948a769b25d70fbdf171c5,SP
c413c4978b5b3ece4096d261faf2ee89,TD
ccf8d21454e1e13a4b42c7e0c3394298,TL
df01673ccfc52fba6d2f77d28b43c7a7,TR
e6f1a3f76a0ae8f2a55be95f77042b93,VI
e8e31602b9c4e3413addcb4f60f5916c,YA
ff04163767d3be5b8272ef4de6442224,YM
231aec1ef3289419ad71871962b1353f,AF
2d4ed102e61e96b75541959b9141f263,BA
2f4db697ec18e2eb716c0d4c36858d02,DF
3047492a788077e975c201f99cfad060,DH
32fb0a44d83b58469cea9de6d593031c,DU
717fba00cb21251c41ba7f84e4af2936,FL
72fe361ce4375c35da11af277b26eea3,FR
74b4d6c10e7f34659c3439c979acebcc,FU
821326b2bd885d50d1d1050344e587dc,LW
8bb02db65f01a640082ded9c665aeda0,NB
9cd80a27865a6552fdcf2a3610891db1,RC
ad0e57ce4491ceabe5e840dc9a910b66,RN
be7523173b5d456370f4e4b9eb9b631f,TN
db245f2d048d408145365d999edf783b,YH
f64ed50b46d52428ffb1c373d1190a12,YI
13ce70a00fb06e051d50a40cdc989bfb,AK
15cda1257884b73cb7828e0aa2309acd,CK
2069363da3cbf11e7df575b802dae59f,CL
2297394531858068e78137cb759437f7,DB
2659b981a297594f01eb449b044b7cf9,DC
2e980bbc539ca445fede62128ca82614,DD
3642656d1e0d16e2ea253fe9465bebb0,DL
3d5554f32792fd8e655ed48bf23c5367,DM
3f05bce1906a76f39e1e723f3fbf173f,DR
41a647be67640737c0e850ff1e1eab2a,FH
4530d767a1484669cf3f3493af6dc0d2,FW
49b3c2fb47f0e5c79bf6d08a4d8f6370,GB
4d8147aa9966608fa2eb76d50c345ec3,GL
5ea9b1ceb62ca09322fa6a56359ed42b,KI
638471933ae4280da61e36f03d6821bf,LS
65c8d9ca595f0c49fdac14e789becfc9,NF
717bb321bc75d9c1f6ae1193255221d1,NK
72ce0df72f5817f5925833222050e1d1,NV
884fe55f87091841f5e520e19c50e341,NY
919e626a78f56ed80762c06c062fe76f,OB
a33cbd7a98b52a67865cbc1098b8d2a1,OI
b1e34083aa09fc34d34b9263cb8b83e9,SN
bf73019128730aa8e6b15b08b52af3d3,TB
c3651659af6c229d775680b4f99a030c,TM
d193c76ec45e7bf35b77a6e4a14dd156,UD
d3297cce69e3daa6ce589cf0a7967bcb,UM
dfeda99acb4ce48919eadaf7e72b2c77,YB
f944d36ec5e9f2e0f75eee6be795b8e6,YC
fcddff9568c170fb07f8c59167256806,YD
018154e8946d76723225edc249b23743,AH
01a260a95391b0e979c146836cde3b75,BR
0669f780d6df34a9b7feb5f4544aad52,BY
0d1e27b9427abacae4e510e21be1869c,CU
12f8f1f9ded4d7679c8c7915556c9015,DP
1476eaa928379828df2e9ccae572b5a1,EX
1e9d9737059e7457bfb074690ec888d4,FF
20bc4dc657f346c9382259bf1d6b9e6b,FS
255ef282d3a294e58c7bd9a42cdec309,GD
34cc2497860de9b2f24f382450dcfb59,HD
42f96d4e8541b18e42b72c5c0ad15cf2,HH
4897bb964cbaef18e79dd0f3f0045232,HN
4a9e016c9ab166d9bfdf74ccd5acd140,IA
4d8a13360cf5697baabe8a4bf45a69ba,IF
52db873059424ade029b4b596bc03db7,IK
560057e74adc53a31ea657655e2f4666,IP
5b5112b69d0aee754ff82e6970c355d9,IZ
5bd8e190202e7ead7534f63a1218a6fe,KA
6926355a0f1af1a5a94f43bb57b4b343,LF
7858879a101f26fd942f8621857db184,MT
801677ad0bad2c1de8b02900221f4fd3,MU
94fba06302f0d0905ba0c4ecff6b2905,NM
a4baf96268c0a7e4eb8edc64daa0af39,OG
a7edf195cf94830575f9f9c6ab9c370a,QU
b14e3ab1827ba87b6e668a34a80e1350,RB
bffa0f1236d89f589e713afe415dab6b,RH
c70253fc6ff0f36eeef6fa9da4b5062c,RU
ccd0007e983e6c7c5057b589bde28cf5,SG
da9766e5f3a2b5612f0abea4ae258ede,SK
e76884dda21194ce18c1cc3a9739f319,SY
edde81293c79a09ccc7169bd429a0397,UE
f1548e11b9780647d2b1d1ed1bd8cb6d,VA
fa578ba89487b58602e643aaf7247823,WL
ff958f142ddd69859009c6497874c66f,ZE
0114aa56bba86b425bcac60e528bfe1b,AO
0ce3f3330493d7aa4cc7e645fac125ed,DG
0f9be80287f2e932e07d3eb307d3fedd,EJ
17982dc4bcf5afbb37d3a29d4edf1c18,FD
1cf4407c97d579ed84ba84a0b986db19,GU
26dd4970434978505ca29d127844e3f5,GW
28c2d608150f0e4ab69d0d5883e1e6b3,HC
33ef261c0404569c79bebcbe123d4d4e,HP
35e1804f949d51b6575c36fdf2242e0c,HU
3be8e5699edf37f60a575716428e552e,HY
3c1201ba30f28254bff85ec7396f3324,IB
3eab9e811481a8b0223fe05adc0cb2de,JE
40895ce7442c860eb5cb6ab19907ca50,JU
48b28f62e7133318c3cf4c0fb1184bdb,KH
57b11194eed3fe7270cea6ed6c51f6c3,KN
5d33d73d88d7a40da998d3108d47e0c2,LB
607bb895edd96eb0869ef8da2bbf4325,LG
6de604543429fd25c050654447602af4,LH
75d64918d8bf34706dbf241fbb5e9261,LK
7bce23bd3fdd05e3e97740a91c6dd2cd,LV
80a095626738d214fd16dcc299e5cd3f,ML
896572cf1c3e14e5d41f6b8c944f535a,MS
91f9d37d3c496756dab1615336d5e32b,NN
9589e9fb35b00aa844753599a0b5f65c,NP
9f27704241273f1546e703f05ad21a70,PU
ae843b79ab232008af2e47d67edb598a,PY
aeabed4cb52ffe09fbd59664e13d1052,RG
c581e0f18293c2776b8aa823e3397b0f,RK
ce842d1b3ab5e07598c5cd6fb5076f33,SR
dd8a63751aa5aa3acb15cafb9fc7c48b,TF
de207c1ba236b4bdbab12226dae01673,TV
de53192226e7949095b4c573479e9b58,UA
df4e6975c9708aed74ac1797e7f564d9,UB
e07380352c367aa9d993170120ba925e,UC
ed264204c5ddba73da72b38300a6a046,UF
f0f7f207c7ecf8a3e8539f481a779f4d,UI
fad2e2cc0045f55d641589c0f7afaa99,YF
0484585f013e87026d4f615af7bef12c,BJ
068e96181fd8f7554433df43e87fb215,BW
09013043c547b6bd1b567c187b1343ee,CC
124c36eac7bc0de81acde34456018e49,CY
15d06558ce468e35079e4757f73066bb,DK
164f24e8a768353d0718cb08232d6c71,DQ
190e799ad7e870b51f25697a73e43e69,EQ
1c3158a451f37200b9dcd783eb6fc93b,FB
1e4ff18bcca8e5abcf764b7fcbb49669,FC
1f68ef610072b9359f143ba97929b821,FG
2caaa3ed7ed90f7198d55c9956892da4,FM
2fcc5c54df77da76f95c51c0e0b9a08e,FP
33f24cfbb69a3a0023a54125b469823a,FY
3411e9c7a0eb31329bdf8f2434ac5bf4,GM
4226c6c27b28ec706ee2b80aa6ef7355,GN
42361977bc634aac4b14d6663ab75bbb,HB
4405d742c776b635988cf487df8c5252,HM
4559773432b8811529bcddbac29aad8c,HR
4d29c12019130775d989aeb79786a045,HS
4df989c3dd511804f922c5436f39a4bf,HW
4f0cd69621a370f3dc13d58610baa1e6,IX
51bd3ba4ca23412df8f38f73508a60a5,JO
53def27177e2c18fc1e6f639453fb2fa,KF
5e52804759d15533fc61366f44982bc8,KS
675bb2cb1f2fdef3aeddc7e2844285ae,KT
681c0ae3e3152544ae31b6e50b34e927,KY
68f02f77fcdeecbbc63b67db69acd671,LM
6ae2e4333a640374b6c94d1a03b9237f,LN
749b65cf2256a28226511fa79e42910e,MF
77ce75c487c0f19d53ac632769df967f,MG
79b9a979df8640fcc8f40c7a36a135e4,MM
8003ce278da252c157fc905348a0a84e,MW
917441fcf23d4cf587d7a6dbba604bfb,MY
91c03c419ae1c0a42aebcef18eb593d6,NJ
9373c72ba7e53a5225bc575d38db078f,NQ
9673752bd1566e196e07fbdb173fa46e,OE
9bdfe87c83f16823d593e119dfd67d9f,OX
a431550164ede1bdb7137e778fd587d8,OY
a471530ec8193f42b2fe5acc3776d70b,OZ
a4bdf75b71944f5f3fd135decd0d10e2,PB
a4db742d901f4a0e00fb7c9ba3cceea4,PD
a6988098bfdeba8a47eccd3df35e67ec,PH
a6d73d248e59531fee536dc8b24aa57b,PM
a7cd037c6331456bc28402c492828f08,PS
af0e2d6bc5262b83f7d2f4804898d0fa,PT
bcbfe55e4d75f821e07f9957ee9301bb,RP
bde2bd3d5e99108dea18898ad1a742b8,RV
be6c5f15969951db6e210b65a9068b48,SD
c341c2afa324aa0ac315e7f74985ff42,SJ
c4388a5232c1a5b3352dabde2ec8fa8f,SV
c51ac92ca23023074c14e65fab7a1ad8,UK
c6d66dc92cb84b81c04f50181a56dca9,VO
c803ca8666d0211f39d2df25dcea3977,VY
cde22aa111b227386ee91d787c74a967,WB
d320770841472ac29d6b8c773ad9e8be,WD
d485d7905b3caedc22410adb59aeb5ff,WT
d5b0718d59581e1774bdc074df7901f4,XA
d691373061642f29e88a1d9013f0338c,XC
e69abc18d55ef1ea7ecaf7e304b24e08,XI
eb89161aa6b44609cfe65aac60d8dacb,XO
f172e09bb10c9b0434662bbcb4826aaa,XT
f8dd69128da584d45ee9ff9595b71dc6,YN
fd27adf8d7949bc3c9675ac75cae9a5e,YR
ff7c5f381a487b26402883969f343fb8,ZY
